Aquifer_Thickness_m,Hydraulic_Conductivity_K_m_per_day
10,0.014419774430992457
50,0.002883954886198491
100,0.0014419774430992455
200,0.0007209887215496228
